{
    "alberpark": {
        "suburb": "Albert Park",
        "centre": "Aughtie Walk",
        "postcode": "3206"
    },
    "portmelbourne": {
        "suburb": "Port Melbourne",
        "centre": "Port Melbourne Respiratory Clinic",
        "postcode": "3207"
    },
    "melbourne": {
        "suburb": "Melbourne CBD",
        "centre": "Bourke Street Melbourne",
        "postcode": "3000"
    },
    "southmelbourne": {
        "suburb": "South Melbourne",
        "centre": "Montague Street",
        "postcode": "3205"
    },
    "stkildaroad": {
        "suburb": "St Kilda Road",
        "centre": "Alfred Health - The Alfred Hospital",
        "postcode": "3004"
    },

    "prahran": {
        "suburb": "Prahran",
        "centre": "Prahran Respiratory Clinic",
        "postcode": "3181"
    },
    "balaclava": {
        "suburb": "Balaclava",
        "centre": "Melbourne Pathology ",
        "postcode": "3183"
    },
    "cbd": {
        "suburb": "Melbourne CBD",
        "centre": "4Cyte Pathology",
        "postcode": "3000"
    },
    "melbournecbd": {
        "suburb": "Melbourne CBD",
        "centre": "St Vincent's Hospital Melbourne",
        "postcode": "3000"
    },
    "fitzroy": {
        "suburb": "Fitzroy",
        "centre": "Fitzroy Respiratory Clinic",
        "postcode": "3065"
    },
    "collingwood": {
        "suburb": "Collingwood",
        "centre": "Cohealth",
        "postcode": "3066"
    },
    "parkville": {
        "suburb": "Parkville",
        "centre": "The Royal Melbourne Hospital",
        "postcode": "3050"
    },
    "parkv": {
        "suburb": "Parkville",
        "centre": "The Royal Children's Hospital ",
        "postcode": "3052"
    },
    "northmelbourne": {
        "suburb": "North Melbourne",
        "centre": "Melbourne Pathology",
        "postcode": "3051"
    },
    "fairfield": {
        "suburb": "Fairfield",
        "centre": "4Cyte Pathology",
        "postcode": "3078"
    },
    "mooneeponds": {
        "suburb": "Moonee Ponds",
        "centre": "Melbourne Pathology",
        "postcode": "3039"
    },
    "ascotvale": {
        "suburb": "Ascote Vale",
        "centre": "Melbourne Showgrounds",
        "postcode": "3032"
    },
    "maidstone": {
        "suburb": "Maidstone",
        "centre": "Hampstead Road",
        "postcode": "3012"
    },
    "westfootscray": {
        "suburb": "West Footscray",
        "centre": "Cohealth",
        "postcode": "3012"
    },
    "altonanorth": {
        "suburb": "Altona North",
        "centre": "Altona North Respiratory Clinic",
        "postcode": "3025"
    }


}