{
    "cardio": {
        "key": "cardio",
        "name": "Cardio",
        "image": "assets/cardio.png"
    },
    "strength": {
        "key": "strength",
        "name": "Strength",
        "image": "assets/strength.png"
    },
    "kickboxing": {
        "key": "kickboxing",
        "name": "Kickboxing",
        "image": "assets/kickboxing.png"
    },
	"weightlifting": {
        "key": "weightlifting",
        "name": "Weight-lifting",
        "image": "assets/weightlifting.png"
    },
	"cycling": {
        "key": "cycling",
        "name": "Cycling",
        "image": "assets/cycling.png"
    },

	"yoga": {
        "key": "yoga",
        "name": "Yoga",
        "image": "assets/yoga.png"
    }


}
