{
    "jdoe@test.com": {
        "cardio": [
            {
                "weight": "45",
                "height": "155",
                "bmi": "18",
                "date": "2020-10-07",
                "minutes": 50
            }
        ],
        "strength": [
            {
                "weight": "45",
                "height": "155",
                "bmi": "18",
                "date": "2020-10-07",
                "minutes": 50
            }
        ],
        "kickboxing": [
            {
                "weight": "45",
                "height": "155",
                "bmi": "18",
                "date": "2020-10-07",
                "minutes": 50
            }
        ],
        "weightlifting": [
            {
                "weight": "45",
                "height": "155",
                "bmi": "20",
                "date": "2020-10-07",
                "minutes": 20
            }
        ],
        "cycling": [
            {
                "weight": "45",
                "height": "155",
                "bmi": "18",
                "date": "2020-10-07",
                "minutes": 50
            },
            {
                "weight": "78",
                "height": "135",
                "bmi": "78",
                "date": "09\/07\/2020",
                "minutes": 50
            }
        ],
        "yoga": [
            {
                "weight": "45",
                "height": "155",
                "bmi": "18",
                "date": "2020-10-07",
                "minutes": 50
            }
        ]
    }
}