{
    "melbourne": {
        "suburb": "Melbourne",
        "centre": "Cohealth City Town Hall",
        "postcode": "3000"
    },
    "carlton": {
        "suburb": "Carlton",
        "centre": "Melbourne Musuem",
        "postcode": "3053"
    },
    "boxhill": {
        "suburb": "Box Hill",
        "centre": "Box Hill Town Hall",
        "postcode": "3128"
    },
    "southwharf": {
        "suburb": "South Wharf",
        "centre": "Covention Centre",
        "postcode": "3006"
    },
    "showgrounds": {
        "suburb": "Ascot Vale",
        "centre": "Melbourne Showgrounds",
        "postcode": "3032"
    }


}