{
    "jordan_robert101@hotmail.com": {
        "firstname": "Jordan",
        "lastname": "Robert",
        "email": "jordan_robert101@hotmail.com",
        "password-hash": "*0"
    },
    "hello@hotmail.com": {
        "firstname": "hello",
        "lastname": "hello",
        "email": "hello@hotmail.com",
        "password-hash": "*0"
    },
    "kate@hotmail.com": {
        "firstname": "kate",
        "lastname": "test",
        "email": "kate@hotmail.com",
        "password-hash": "*0"
    },
    "Harrypotter@hotmail.com": {
        "firstname": "Harry",
        "lastname": "Potter",
        "email": "Harrypotter@hotmail.com",
        "password-hash": "*0"
    },
    "bob@hotmail.com": {
        "firstname": "Bob",
        "lastname": "read",
        "email": "bob@hotmail.com",
        "password-hash": "*0"
    },
    "jakefoster@gmail.com": {
        "firstname": "jake",
        "lastname": "foster",
        "email": "jakefoster@gmail.com",
        "password-hash": "*0"
    },
    "jordan1_robert101@hotmail.com": {
        "firstname": "A",
        "lastname": "A",
        "email": "jordan1_robert101@hotmail.com",
        "password-hash": "*0"
    },
    "Dotbuckland@dot.com": {
        "firstname": "Dot",
        "lastname": "Buckland",
        "email": "Dotbuckland@dot.com",
        "password-hash": "*0"
    },
    "johnsmith@hotmail.com": {
        "firstname": "JohnJohnd",
        "lastname": "Smith",
        "email": "johnsmith@hotmail.com",
        "password-hash": "*0"
    },
    "apple@hotmail.com": {
        "firstname": "apple",
        "lastname": "apple",
        "email": "apple@hotmail.com",
        "password-hash": "*0"
    },
    "ned@hotmail.com": {
        "firstname": "Ned",
        "lastname": "Flanders",
        "email": "ned@hotmail.com",
        "password-hash": "*0"
    },
    "barry@hotmail.com": {
        "firstname": "barry",
        "lastname": "barry",
        "email": "barry@hotmail.com",
        "password-hash": "*0"
    },
    "sam@hotmail.com": {
        "firstname": "sam",
        "lastname": "sam",
        "email": "sam@hotmail.com",
        "password-hash": "*0"
    },
    "jack@hotmail.com": {
        "firstname": "jack",
        "lastname": "jack",
        "email": "jack@hotmail.com",
        "password-hash": "*0"
    },
    "redblue@hotmail.com": {
        "firstname": "Red",
        "lastname": "Blue",
        "email": "redblue@hotmail.com",
        "password-hash": "*0"
    },
    "max@hotmail.com": {
        "firstname": "max",
        "lastname": "max",
        "email": "max@hotmail.com",
        "password-hash": "*0"
    },
    "baker@hotmail.com": {
        "firstname": "baker",
        "lastname": "baker",
        "email": "baker@hotmail.com",
        "password-hash": "*0"
    },
    "karl@gmail.com": {
        "firstname": "Karl",
        "lastname": "Sanders",
        "email": "karl@gmail.com",
        "password-hash": "*0"
    },
    "john@gmail.com": {
        "firstname": "John",
        "lastname": "Sanders",
        "email": "john@gmail.com",
        "password-hash": "*0"
    },
    "bobstone@gmail.com": {
        "firstname": "Bob",
        "lastname": "Stone",
        "email": "bobstone@gmail.com",
        "password-hash": "*0"
    },
    "homer@gmail.com": {
        "firstname": "Homer",
        "lastname": "Simpson",
        "email": "homer@gmail.com",
        "password-hash": "*0"
    },
    "barry@gmail.com": {
        "firstname": "Barry",
        "lastname": "Wood",
        "email": "barry@gmail.com",
        "password-hash": "*0"
    }
}